canon_pos,isodecoder,Annotated modification,identity,upstream,downstream
9,mito_tRNA-Ala-TGC-1,m1A,A,U,G
10,mito_tRNA-Ala-TGC-1,m2G,G,A,C
26,mito_tRNA-Ala-TGC-1,Ψ,G,U,G
37,mito_tRNA-Ala-TGC-1,m1G,G,C,U
38,mito_tRNA-Ala-TGC-1,Ψ,U,G,U
39,mito_tRNA-Ala-TGC-1,Ψ,U,U,C
68,mito_tRNA-Ala-TGC-1,Ψ,U,G,C
9,mito_tRNA-Arg-TCG-1,m1A,A,U,G
10,mito_tRNA-Arg-TCG-1,m2G,G,A,U
16,mito_tRNA-Arg-TCG-1,m1A,A,A,C
26,mito_tRNA-Arg-TCG-1,m2G,G,C,A
32,mito_tRNA-Arg-TCG-1,Ψ,U,A,U
39,mito_tRNA-Arg-TCG-1,Ψ,U,C,C
9,mito_tRNA-Asn-GTT-1,m1A,A,A,G
10,mito_tRNA-Asn-GTT-1,m2G,G,A,C
19,mito_tRNA-Asn-GTT-1,Ψ,U,C,U
28,mito_tRNA-Asn-GTT-1,D,U,C,U
34,mito_tRNA-Asn-GTT-1,Q,G,U,U
37,mito_tRNA-Asn-GTT-1,t6A,A,U,A
40,mito_tRNA-Asn-GTT-1,Ψ,U,C,A
53,mito_tRNA-Asn-GTT-1,m5U,U,G,U
54,mito_tRNA-Asn-GTT-1,Ψ,U,U,U
9,mito_tRNA-Asp-GTC-1,m1A,A,U,G
10,mito_tRNA-Asp-GTC-1,m2G,G,A,A
27,mito_tRNA-Asp-GTC-1,Ψ,U,A,A
34,mito_tRNA-Asp-GTC-1,Q,G,U,U
9,mito_tRNA-Cys-GCA-1,m1G,G,A,G
27,mito_tRNA-Cys-GCA-1,Ψ,U,A,U
28,mito_tRNA-Cys-GCA-1,Ψ,U,U,G
32,mito_tRNA-Cys-GCA-1,Ψ,U,A,U
37,mito_tRNA-Cys-GCA-1,i6A,A,A,A
39,mito_tRNA-Cys-GCA-1,Ψ,U,A,U
58,mito_tRNA-Cys-GCA-1,m1A,A,A,A
9,mito_tRNA-Gln-TTG-1,m1G,G,G,G
20,mito_tRNA-Gln-TTG-1,D,U,G,G
33,mito_tRNA-Gln-TTG-1,Ψ,U,U,U
34,mito_tRNA-Gln-TTG-1,τm5s2U,U,U,U
37,mito_tRNA-Gln-TTG-1,m1G,G,G,A
39,mito_tRNA-Gln-TTG-1,Ψ,U,A,U
40,mito_tRNA-Gln-TTG-1,Ψ,U,U,C
53,mito_tRNA-Gln-TTG-1,m5U,U,G,U
54,mito_tRNA-Gln-TTG-1,Ψ,U,U,C
9,mito_tRNA-Glu-TTC-1,m1A,A,U,G
10,mito_tRNA-Glu-TTC-1,m2G,G,A,U
26,mito_tRNA-Glu-TTC-1,m2G,G,C,A
28,mito_tRNA-Glu-TTC-1,Ψ,U,A,G
34,mito_tRNA-Glu-TTC-1,τm5s2U,U,U,U
40,mito_tRNA-Glu-TTC-1,Ψ,U,A,C
49,mito_tRNA-Glu-TTC-1,m5C,C,U,G
54,mito_tRNA-Glu-TTC-1,Ψ,U,U,G
9,mito_tRNA-Gly-TCC-1,m1A,A,U,G
10,mito_tRNA-Gly-TCC-1,m2G,G,A,U
28,mito_tRNA-Gly-TCC-1,Ψ,U,G,U
39,mito_tRNA-Gly-TCC-1,Ψ,U,A,U
40,mito_tRNA-Gly-TCC-1,Ψ,U,U,A
9,mito_tRNA-His-GTG-1,m1A,A,U,G
10,mito_tRNA-His-GTG-1,m2G,G,A,U
27,mito_tRNA-His-GTG-1,Ψ,U,A,C
34,mito_tRNA-His-GTG-1,Q,G,U,U
35,mito_tRNA-His-GTG-1,Ψ,U,G,G
39,mito_tRNA-His-GTG-1,Ψ,U,A,C
48,mito_tRNA-His-GTG-1,m5C,C,A,A
9,mito_tRNA-Ile-GAT-1,m1G,G,U,U
26,mito_tRNA-Ile-GAT-1,"m2,2G",G,A,U
27,mito_tRNA-Ile-GAT-1,Ψ,U,G,U
28,mito_tRNA-Ile-GAT-1,Ψ,U,U,A
37,mito_tRNA-Ile-GAT-1,t6A,A,U,G
9,mito_tRNA-Leu-TAA-1,m1G,G,U,G
10,mito_tRNA-Leu-TAA-1,m2G,G,G,C
20,mito_tRNA-Leu-TAA-1,Ψ,U,G,A
27,mito_tRNA-Leu-TAA-1,Ψ,U,A,A
34,mito_tRNA-Leu-TAA-1,τm5s2U,U,U,A
48,mito_tRNA-Leu-TAA-1,m5C,C,U,A
54,mito_tRNA-Leu-TAA-1,m5U,U,G,U
55,mito_tRNA-Leu-TAA-1,Ψ,U,U,C
58,mito_tRNA-Leu-TAA-1,m1A,A,A,U
9,mito_tRNA-Leu-TAG-1,m1A,A,A,G
10,mito_tRNA-Leu-TAG-1,m2G,G,A,G
27,mito_tRNA-Leu-TAG-1,Ψ,U,A,U
28,mito_tRNA-Leu-TAG-1,Ψ,U,U,G
31,mito_tRNA-Leu-TAG-1,Ψ,U,G,C
37,mito_tRNA-Leu-TAG-1,m1G,G,G,C
9,mito_tRNA-Lys-TTT-1,m1A,A,A,G
10,mito_tRNA-Lys-TTT-1,m2G,G,A,C
27,mito_tRNA-Lys-TTT-1,Ψ,U,A,U
28,mito_tRNA-Lys-TTT-1,Ψ,U,U,A
34,mito_tRNA-Lys-TTT-1,τm5s2U,U,U,U
37,mito_tRNA-Lys-TTT-1,t6A,A,U,A
58,mito_tRNA-Lys-TTT-1,m1A,A,A,C
27,mito_tRNA-Met-CAT-1,Ψ,U,A,C
34,mito_tRNA-Met-CAT-1,f5C,C,C,A
50,mito_tRNA-Met-CAT-1,Ψ,U,G,U
54,mito_tRNA-Met-CAT-1,Ψ,U,U,A
9,mito_tRNA-Phe-GAA-1,m1A,A,U,G
10,mito_tRNA-Phe-GAA-1,m2G,G,A,C
28,mito_tRNA-Phe-GAA-1,Ψ,U,A,A
37,mito_tRNA-Phe-GAA-1,ms2i6A/ms2t6A,A,A,A
39,mito_tRNA-Phe-GAA-1,Ψ,U,A,G
48,mito_tRNA-Phe-GAA-1,m5C,C,A,G
9,mito_tRNA-Pro-TGG-1,m1A,A,U,G
27,mito_tRNA-Pro-TGG-1,Ψ,U,C,U
32,mito_tRNA-Pro-TGG-1,Ψ,U,C,U
37,mito_tRNA-Pro-TGG-1,m1G,G,G,U
38,mito_tRNA-Pro-TGG-1,Ψ,U,G,G
52,mito_tRNA-Pro-TGG-1,m5U,U,G,U
53,mito_tRNA-Pro-TGG-1,Ψ,U,U,A
66,mito_tRNA-Pro-TGG-1,Ψ,U,U,U
67,mito_tRNA-Pro-TGG-1,Ψ,U,U,C
37,mito_tRNA-Ser-GCT-1,t6A,A,U,A
48,mito_tRNA-Ser-GCT-1,m5C,C,C,C
49,mito_tRNA-Ser-GCT-1,m5C,C,C,C
50,mito_tRNA-Ser-GCT-1,m5C,C,C,A
28,mito_tRNA-Ser-TGA-1,Ψ,U,G,U
32,mito_tRNA-Ser-TGA-1,m3C,C,G,U
37,mito_tRNA-Ser-TGA-1,ms2i6A/ms2t6A,A,A,A
53,mito_tRNA-Ser-TGA-1,m5U,U,G,U
54,mito_tRNA-Ser-TGA-1,Ψ,U,U,C
58,mito_tRNA-Ser-TGA-1,m1A,A,G,U
9,mito_tRNA-Thr-TGT-1,m1A,A,U,G
10,mito_tRNA-Thr-TGT-1,m2G,G,A,U
32,mito_tRNA-Thr-TGT-1,m3C,C,U,U
37,mito_tRNA-Thr-TGT-1,t6A,A,U,A
9,mito_tRNA-Trp-TCA-1,m1A,A,U,G
10,mito_tRNA-Trp-TCA-1,m2G,G,A,G
34,mito_tRNA-Trp-TCA-1,τm5s2U,U,U,C
37,mito_tRNA-Trp-TCA-1,ms2i6A/ms2t6A,A,A,A
9,mito_tRNA-Tyr-GTA-1,m1G,G,U,G
10,mito_tRNA-Tyr-GTA-1,m2G,G,G,C
27,mito_tRNA-Tyr-GTA-1,Ψ,U,A,U
28,mito_tRNA-Tyr-GTA-1,Ψ,U,U,G
34,mito_tRNA-Tyr-GTA-1,Q,G,U,U
37,mito_tRNA-Tyr-GTA-1,ms2i6A/ms2t6A,A,A,A
39,mito_tRNA-Tyr-GTA-1,Ψ,U,A,C
48,mito_tRNA-Tyr-GTA-1,m5C,C,A,A
9,mito_tRNA-Val-TAC-1,m1A,A,U,G
10,mito_tRNA-Val-TAC-1,m2G,A,G,C
39,mito_tRNA-Val-TAC-1,Ψ,U,C,U
26,tRNA-Ala-AGC-1,"m2,2G",G,C,C
34,tRNA-Ala-AGC-1,I,A,U,G
37,tRNA-Ala-AGC-1,m1I,A,C,U
58,tRNA-Ala-AGC-1,m1A,A,G,U
26,tRNA-Ala-AGC-11,"m2,2G",G,C,C
34,tRNA-Ala-AGC-11,I,A,U,G
37,tRNA-Ala-AGC-11,m1I,A,C,U
58,tRNA-Ala-AGC-11,m1A,A,G,U
26,tRNA-Ala-AGC-2,"m2,2G",G,C,C
34,tRNA-Ala-AGC-2,I,A,U,G
37,tRNA-Ala-AGC-2,m1I,A,C,U
58,tRNA-Ala-AGC-2,m1A,A,A,U
26,tRNA-Ala-AGC-4,"m2,2G",G,C,C
34,tRNA-Ala-AGC-4,I,A,U,G
37,tRNA-Ala-AGC-4,m1I,A,C,U
58,tRNA-Ala-AGC-4,m1A,A,G,U
26,tRNA-Ala-AGC-5,"m2,2G",G,C,C
34,tRNA-Ala-AGC-5,I,A,U,G
37,tRNA-Ala-AGC-5,m1I,A,C,U
58,tRNA-Ala-AGC-5,m1A,A,A,U
20,tRNA-Ala-AGC-8,D,U,G,A
26,tRNA-Ala-AGC-8,"m2,2G",G,C,C
34,tRNA-Ala-AGC-8,I,A,U,G
37,tRNA-Ala-AGC-8,m1I,A,C,U
58,tRNA-Ala-AGC-8,m1A,A,G,U
34,tRNA-Arg-ACG-1,I,A,U,C
34,tRNA-Arg-ACG-2,I,A,U,C
32,tRNA-Arg-CCT-1,m3C,C,C,U
32,tRNA-Arg-CCT-3,m3C,C,C,U
32,tRNA-Arg-CCT-4,m3C,C,C,U
32,tRNA-Arg-TCT-1,m3C,C,A,U
32,tRNA-Arg-TCT-2,m3C,C,A,U
32,tRNA-Arg-TCT-3,m3C,C,A,U
9,tRNA-Asn-GTT-1,m1G,G,U,G
20.3,tRNA-Asn-GTT-1,acp3U,U,G,U
58,tRNA-Asn-GTT-1,m1A,A,G,U
9,tRNA-Asn-GTT-2,m1G,G,U,G
20.3,tRNA-Asn-GTT-2,acp3U,U,G,U
58,tRNA-Asn-GTT-2,m1A,A,G,G
9,tRNA-Asn-GTT-3,m1G,G,U,G
20.3,tRNA-Asn-GTT-3,acp3U,U,G,U
58,tRNA-Asn-GTT-3,m1A,A,G,G
9,tRNA-Gln-TTG-1,m1G,G,U,G
58,tRNA-Gln-TTG-1,m1A,A,A,A
9,tRNA-Gln-TTG-3,m1G,G,U,G
58,tRNA-Gln-TTG-3,m1A,A,A,A
58,tRNA-Gly-CCC-1/5,m1A,A,A,U
58,tRNA-Gly-CCC-2,m1A,A,G,U
58,tRNA-His-GTG-1,m1A,A,G,A
34,tRNA-Ile-AAT-4/3/8,I,A,U,A
34,tRNA-Ile-AAT-7,I,A,U,A
9,tRNA-iMet-CAT-1/2,m1G,G,U,G
58,tRNA-iMet-CAT-1/2,m1A,A,G,A
34,tRNA-Leu-AAG-1,I,A,U,A
34,tRNA-Leu-AAG-2,I,A,U,A
37,tRNA-Lys-TTT-1,ms2i6A/ms2t6A,A,U,A
37,tRNA-Lys-TTT-3/2/4,ms2i6A/ms2t6A,A,U,A
37,tRNA-Lys-TTT-6,ms2i6A/ms2t6A,A,U,A
26,tRNA-Met-CAT-1,"m2,2G",G,C,U
58,tRNA-Met-CAT-1,m1A,A,G,U
26,tRNA-Met-CAT-3,"m2,2G",G,C,U
58,tRNA-Met-CAT-3,m1A,A,G,A
26,tRNA-Met-CAT-4/2/5,"m2,2G",G,C,U
58,tRNA-Met-CAT-4/2/5,m1A,A,G,G
26,tRNA-Met-CAT-6,"m2,2G",G,C,U
58,tRNA-Met-CAT-6,m1A,A,G,G
14,tRNA-Phe-GAA-1,m1A,A,C,G
26,tRNA-Phe-GAA-1,"m2,2G",G,C,U
37,tRNA-Phe-GAA-1,Y,G,A,A
58,tRNA-Phe-GAA-1,m1A,A,G,U
14,tRNA-Phe-GAA-4/3,m1A,A,C,G
26,tRNA-Phe-GAA-4/3,"m2,2G",G,C,U
37,tRNA-Phe-GAA-4/3,Y,G,A,A
58,tRNA-Phe-GAA-4/3,m1A,A,A,U
34,tRNA-Pro-AGG-2/1,I,A,U,G
37,tRNA-Pro-AGG-2/1,G,G,G,U
34,tRNA-Pro-CGG-1,C,C,U,G
37,tRNA-Pro-CGG-1,m1G,G,G,U
34,tRNA-Pro-CGG-2,C,C,U,G
37,tRNA-Pro-CGG-2,m1G,G,G,U
34,tRNA-Pro-TGG-1,U,U,U,G
37,tRNA-Pro-TGG-1,m1G,G,G,U
34,tRNA-Pro-TGG-2,U,U,U,G
37,tRNA-Pro-TGG-2,m1G,G,G,U
37,tRNA-Pro-TGG-3,m1G,G,G,U
32,tRNA-Ser-AGA-1,m3C,C,A,U
34,tRNA-Ser-AGA-1,I,A,U,G
32,tRNA-Ser-AGA-3/2,m3C,C,A,U
34,tRNA-Ser-AGA-3/2,I,A,U,G
58,tRNA-Ser-TGA-1,m1A,A,G,A
58,tRNA-Ser-TGA-3/2,m1A,A,G,A
58,tRNA-Ser-TGA-4,m1A,A,G,A
32,tRNA-Thr-AGT-2,m3C,C,U,U
34,tRNA-Thr-AGT-2,I,A,U,G
32,tRNA-Thr-AGT-3,m3C,C,U,U
34,tRNA-Thr-AGT-3,I,A,U,G
32,tRNA-Thr-AGT-4,m3C,C,U,U
34,tRNA-Thr-AGT-4,I,A,U,G
32,tRNA-Thr-AGT-5/1,m3C,C,U,U
34,tRNA-Thr-AGT-5/1,I,A,U,G
32,tRNA-Thr-AGT-6,m3C,C,U,U
34,tRNA-Thr-AGT-6,I,A,U,G
9,tRNA-Thr-CGT-2,m1G,G,U,G
9,tRNA-Thr-CGT-4,m1G,G,U,G
26,tRNA-Thr-TGT-1,"m2,2G",G,C,C
32,tRNA-Thr-TGT-1,m3C,C,U,U
58,tRNA-Thr-TGT-1,m1A,A,G,A
32,tRNA-Thr-TGT-2,m3C,C,U,U
58,tRNA-Thr-TGT-2,m1A,A,G,U
32,tRNA-Thr-TGT-3/4,m3C,C,U,U
58,tRNA-Thr-TGT-3/4,m1A,A,A,U
32,tRNA-Thr-TGT-5,m3C,C,U,U
58,tRNA-Thr-TGT-5,m1A,A,A,A
26,tRNA-Tyr-GTA-5/1/2/3/8,"m2,2G",G,C,G
27,tRNA-Tyr-GTA-5/1/2/3/8,"m2,2G",G,G,A
37,tRNA-Tyr-GTA-5/1/2/3/8,m1G,G,A,A
58,tRNA-Tyr-GTA-5/1/2/3/8,m1A,A,G,U
34,tRNA-Val-AAC-1/2,I,A,U,A